{
    "name": "Make 10 Corne",
    "vendorId": "0x4142",
    "productId": "0x1000",
    "matrix": {"rows": 8,"cols": 6},
    "layouts": {

        "keymap": [
            [{"x":3},"0,3",{"x":7},"4,3"],  
            [{"y":-0.9,"x":2},"0,2"],
            [{"y":-1,"x":4},"0,4",{"x":5},"4,4",{"x":1},"4,2"],
            [{"y":-0.9,"x":5},"0,5",{"x":3},"4,5"],
            [{"y":-0.9},"0,0","0,1",{"x":11},"4,1","4,0"],
            [{"y":-0.3,"x":3},"1,3",{"x":7},"5,3"],
            [{"y":-0.9,"x":2},"1,2",{"x":1},"1,4",{"x":5},"5,4",{"x":1},"5,2"],
            [{"y":-0.9,"x":5},"1,5",{"x":3},"5,5"],
            [{"y":-0.9},"1,0","1,1",{"x":11},"5,1","5,0"],
            [{"y":-0.3,"x":3},"2,3",{"x":7},"6,3"],
            [{"y":-0.9,"x":2},"2,2",{"x":1},"2,4",{"x":5},"6,4",{"x":1},"6,2"],
            [{"y":-0.9,"x":5},"2,5",{"x":3},"6,5"],
            [{"y":-0.9},"2,0","2,1",{"x":11},"6,1","6,0"],
            [{"y":-0.2,"x":3.5},"3,3",{"x":6},"7,3"],
            [{"r":15,"rx":4.5,"ry":4.1,"y":-1},"3,4"],
            [{"r":30,"rx":5.4,"ry":4.3,"y":-1.5,"x":0.1,"h":1.5},"3,5"],
            [{"r":-30,"rx":9.6,"ry":2.6,"x":-1.95,"h":1.5},"7,5"],
            [{"r":-15,"rx":10.5,"ry":4.1,"y":-1,"x":-1},"7,4"]
        ]
   }
       
}